N,ranker,targets,hit_at_1,hit_at_3,hit_at_10,hit_at_depth,median_ms_per_search,depth
100,embedding,50,0.88,1,1,1,0,50
100,minilm,50,0.9,1,1,1,49,50
100,bge-base,50,0.92,1,1,1,292,50
100,bge-m3,50,0.88,1,1,1,1011,50
10000,embedding,50,0.7,0.86,0.9,0.92,0,50
10000,minilm,50,0.74,0.86,0.92,0.92,49,50
10000,bge-base,50,0.64,0.88,0.92,0.92,292,50
10000,bge-m3,50,0.84,0.9,0.92,0.92,1011,50
200000,embedding,50,0.48,0.6,0.84,0.98,0,50
200000,minilm,50,0.48,0.76,0.9,0.98,49,50
200000,bge-base,50,0.48,0.56,0.86,0.98,292,50
200000,bge-m3,50,0.58,0.8,0.94,0.98,1011,50
