task_id,kind,prompt,targets,expected_calls
t001,single,Nuke vacancy number 28286 in Staffwise.,staffwise_delete_job_posting_by_id,"[{""tool_id"":""t53230"",""args"":{""job_posting_id"":{""eq"":""28286""}}}]"
t002,single,"Using Saleswave Enterprise, answer this jotting: https://saleswave.example.com/initech/notes/94963 saying ""Needs design review first"".",saleswave_enterprise_reply_note_by_url,"[{""tool_id"":""t118561"",""args"":{""body"":{""ieq"":""Needs design review first""},""url"":{""eq"":""https://saleswave.example.com/initech/notes/94963""}}}]"
t003,single,Revive sale in progress 89438 on Crmbay EU.,crmbay_eu_reopen_deal_by_id,"[{""tool_id"":""t59245"",""args"":{""deal_id"":{""eq"":""89438""}}}]"
t004,single,Nuke the metrics view with id 9937 via Signalbay Enterprise.,signalbay_enterprise_delete_dashboard_by_id,"[{""tool_id"":""t107968"",""args"":{""dashboard_id"":{""eq"":""9937""}}}]"
t005,single,"On Chargebay US, give me all transfer outs on the Globex account.",chargebay_us_list_payout,"[{""tool_id"":""t107520"",""args"":{""account"":{""eq"":""Globex""}}}]"
t006,single,"On Knownest, let this write-up: https://knownest.example.com/people-ops/pages/61863 with priya@nimbus.io and jordan@acme.com.",knownest_share_page_by_url,"[{""tool_id"":""t42373"",""args"":{""recipients"":{""includes"":[""priya@nimbus.io"",""jordan@acme.com""]},""url"":{""eq"":""https://knownest.example.com/people-ops/pages/61863""}}}]"
t007,single,"Set up an appointment onto Team Calendar on Daybay called ""Rotate API keys quarterly"" from 2026-10-07T09:30:00Z.",daybay_create_event,"[{""tool_id"":""t72199"",""args"":{""calendar"":{""eq"":""Team Calendar""},""title"":{""ieq"":""Rotate API keys quarterly""},""start"":{""eq"":""2026-10-07T09:30:00Z""}}}]"
t008,single,Stick conversation number 1095 using Slack Enterprise.,slack_enterprise_pin_thread_by_id,"[{""tool_id"":""t99342"",""args"":{""thread_id"":{""eq"":""1095""}}}]"
t009,single,Look up ref number 11866 via Gitforge v2.,gitforge_v2_get_branch_by_id,"[{""tool_id"":""t9239"",""args"":{""branch_id"":{""eq"":""11866""}}}]"
t010,single,Get rid of the pay stub with id 80360 in Peoplenest Enterprise.,peoplenest_enterprise_delete_payslip_by_id,"[{""tool_id"":""t72238"",""args"":{""payslip_id"":{""eq"":""80360""}}}]"
t011,single,Drop the sign-off block with id 66675 in Campaignly US.,campaignly_us_delete_signature_by_id,"[{""tool_id"":""t55685"",""args"":{""signature_id"":{""eq"":""66675""}}}]"
t012,single,"Using Taskforge Enterprise, show every teammates in project OPS.",taskforge_enterprise_list_member,"[{""tool_id"":""t12244"",""args"":{""project_key"":{""eq"":""OPS""}}}]"
t013,single,Shelve this SKU listing: https://merchnest.example.com/acme-outlet/products/61054 on Merchnest v2.,merchnest_v2_archive_product_by_url,"[{""tool_id"":""t86146"",""args"":{""url"":{""eq"":""https://merchnest.example.com/acme-outlet/products/61054""}}}]"
t014,single,"In Bugloop EU, set up an umbrella item under the API project with the heading ""Add dark mode toggle"" due 2026-12-05.",bugloop_eu_create_epic_due,"[{""tool_id"":""t2348"",""args"":{""project_key"":{""eq"":""API""},""title"":{""ieq"":""Add dark mode toggle""},""due_date"":{""eq"":""2026-12-05""}}}]"
t015,single,"Edit this team space: https://knowly.example.com/tidal/workspaces/95280 via Knowly Cloud to be called ""ops-runbooks"".",knowly_cloud_update_workspace_by_url,"[{""tool_id"":""t63805"",""args"":{""changes.name"":{""ieq"":""ops-runbooks""},""url"":{""eq"":""https://knowly.example.com/tidal/workspaces/95280""}}}]"
t031,chain,"Bill a card charge against customer cus_t5l2w via Ledgerbay Cloud for 32 GBP, then kill it.",ledgerbay_cloud_create_charge → ledgerbay_cloud_cancel_charge_by_id,"[{""tool_id"":""t132360"",""args"":{""customer_id"":{""eq"":""cus_t5l2w""},""amount"":{""eq"":32},""currency"":{""eq"":""GBP""}}},{""tool_id"":""t174451"",""args"":{""charge_id"":{""ref"":0}}}]"
t032,cross_app,"Spin up an agenda inside Sales in Slotnest Cloud named ""q4-launch"" and make it public. Also, show me this umbrella item: https://trackbay.example.com/web/epics/79026 using Trackbay EU.",slotnest_cloud_create_calendar_vis → trackbay_eu_get_epic_by_url,"[{""tool_id"":""t36126"",""args"":{""workspace"":{""eq"":""Sales""},""name"":{""ieq"":""q4-launch""},""visibility"":{""eq"":""public""}}},{""tool_id"":""t151093"",""args"":{""url"":{""eq"":""https://trackbay.example.com/web/epics/79026""}}}]"
t033,chain,"Via Staffwise, file a new-hire to-do in Support called ""Mobile nav overlaps header"", then accept it.",staffwise_create_onboard_task → staffwise_approve_onboard_task_by_id,"[{""tool_id"":""t1583"",""args"":{""department"":{""eq"":""Support""},""title"":{""ieq"":""Mobile nav overlaps header""}}},{""tool_id"":""t165047"",""args"":{""onboard_task_id"":{""ref"":0}}}]"
t034,cross_app,"Via Daynest Cloud, set up a nudge in Team Calendar titled ""Upgrade Postgres to 16"" from 2026-10-21T11:00:00Z and loop in jordan@acme.com and priya@nimbus.io. Also, give me all team spaces under nimbus in Knownest Enterprise.",daynest_cloud_create_reminder_invite → knownest_enterprise_list_workspace,"[{""tool_id"":""t146663"",""args"":{""calendar"":{""eq"":""Team Calendar""},""title"":{""ieq"":""Upgrade Postgres to 16""},""start"":{""eq"":""2026-10-21T11:00:00Z""},""attendees"":{""includes"":[""jordan@acme.com"",""priya@nimbus.io""]}}},{""tool_id"":""t84383"",""args"":{""organization"":{""eq"":""nimbus""}}}]"
t035,chain,"Using Signalwave Enterprise, set up a quiet period coming from search-worker called ""Login page crashes on submit"" kicking off at 2026-10-21T11:00:00Z, then call it off.",signalwave_enterprise_create_silence → signalwave_enterprise_cancel_silence_by_id,"[{""tool_id"":""t123239"",""args"":{""service"":{""eq"":""search-worker""},""title"":{""ieq"":""Login page crashes on submit""},""start"":{""eq"":""2026-10-21T11:00:00Z""}}},{""tool_id"":""t83732"",""args"":{""silence_id"":{""ref"":0}}}]"
